{
 "PAU_version_B5/4": {
  "leaky_relu": {
   "center": 0.0,
   "init_w_numerator": [
    0.03355815890668059,
    0.5049940948281444,
    1.6534163637528791,
    2.0099850112036783,
    0.9318900490866645,
    0.1524224383838956
   ],
   "init_w_denominator": [
    -5.748546580824416e-05,
    3.9802477853818083,
    -4.2529808614931225e-05,
    0.3018338162009311
   ],
   "ub": 3,
   "lb": -3
  },
  "tanh": {
   "center": 0.0,
   "init_w_numerator": [
    2.1172949817857366e-09,
    0.9999942495075363,
    6.276332768876106e-07,
    0.10770864506559906,
    2.946556898117109e-08,
    0.000871124373591946
   ],
   "init_w_denominator": [
    6.376908337817277e-07,
    0.44101418051922986,
    2.2747661404467182e-07,
    0.014581039909092108
   ],
   "ub": 3.0,
   "lb": -3.0
  }
 },
 "PAU_version_A5/4": {
  "leaky_relu": {
   "center": 0.0,
   "init_w_numerator": [
    0.029792778657264946,
    0.6183735264987601,
    2.323309062531321,
    3.051936237265109,
    1.4854203263828845,
    0.2510244961111299
   ],
   "init_w_denominator": [
    -1.1419548357285474,
    4.393159974992486,
    0.8714712309957245,
    0.34719662339598834
   ],
   "ub": 3,
   "lb": -3
  }
 },
 "PAU_version_C5/4": {
  "leaky_relu": {
   "center": 0.0,
   "init_w_numerator": [
    196.38473781144324,
    2955.268174340017,
    9675.912975159641,
    11762.533577818234,
    5453.460439606311,
    891.9799911699981
   ],
   "init_w_denominator": [
    5851.901706492194,
    0.07575758053307785,
    23292.039508779046,
    0.05485007490938515,
    1766.288418374912
   ],
   "ub": 3,
   "lb": -3
  }
 },
 "PAU_version_D5/4": {
  "leaky_relu": {
   "center": 0.0,
   "init_w_numerator": [
    0.03355815890668059,
    0.5049940948281444,
    1.6534163637528791,
    2.0099850112036783,
    0.9318900490866645,
    0.1524224383838956
   ],
   "init_w_denominator": [
    -5.748546580824416e-05,
    3.9802477853818083,
    -4.2529808614931225e-05,
    0.3018338162009311
   ],
   "ub": 3,
   "lb": -3
  }
 }
}